file	starter	pid	killer	kill_ok
file15	iit11	25839	iit11	ДА
file15	iit11	25855	iit12	НЕТ
file15	iit11	25871	iit21	НЕТ
file15	iit11	25888	iit22	НЕТ
file15	iit11	25904	iit3	НЕТ
file15	iit11	26008	root	ДА
file25	iit11	26026	iit11	ДА
file25	iit11	26043	iit12	НЕТ
file25	iit11	26059	iit21	НЕТ
file25	iit11	26075	iit22	НЕТ
file25	iit11	26091	iit3	НЕТ
file25	iit11	26107	root	ДА
file35	iit11	26125	iit11	ДА
file35	iit11	26142	iit12	НЕТ
file35	iit11	26345	iit21	НЕТ
file35	iit11	26361	iit22	НЕТ
file35	iit11	26377	iit3	НЕТ
file35	iit11	26393	root	ДА
file45	iit11	26411	iit11	ДА
file45	iit11	26427	iit12	НЕТ
file45	iit11	26443	iit21	НЕТ
file45	iit11	26459	iit22	НЕТ
file45	iit11	26488	iit3	НЕТ
file45	iit11	26592	root	ДА
file55	iit11	26610	iit11	ДА
file55	iit11	26626	iit12	НЕТ
file55	iit11	26642	iit21	НЕТ
file55	iit11	26658	iit22	НЕТ
file55	iit11	26674	iit3	НЕТ
file55	iit11	26690	root	ДА
