year,region,indicator,value
2019,Брестская область,Average_Employee_Count,464424.0
2020,Брестская область,Average_Employee_Count,452926.0
2021,Брестская область,Average_Employee_Count,445934.0
2022,Брестская область,Average_Employee_Count,439738.0
2023,Брестская область,Average_Employee_Count,436925.0
2019,Витебская область,Average_Employee_Count,396132.0
2020,Витебская область,Average_Employee_Count,382740.0
2021,Витебская область,Average_Employee_Count,376040.0
2022,Витебская область,Average_Employee_Count,370174.0
2023,Витебская область,Average_Employee_Count,365185.0
2019,Гомельская область,Average_Employee_Count,476341.0
2020,Гомельская область,Average_Employee_Count,463807.0
2021,Гомельская область,Average_Employee_Count,458411.0
2022,Гомельская область,Average_Employee_Count,452938.0
2023,Гомельская область,Average_Employee_Count,446575.0
2019,Гродненская область,Average_Employee_Count,375717.0
2020,Гродненская область,Average_Employee_Count,365167.0
2021,Гродненская область,Average_Employee_Count,359574.0
2022,Гродненская область,Average_Employee_Count,352317.0
2023,Гродненская область,Average_Employee_Count,347913.0
2019,Минская область,Average_Employee_Count,563519.0
2020,Минская область,Average_Employee_Count,550027.0
2021,Минская область,Average_Employee_Count,543469.0
2022,Минская область,Average_Employee_Count,537563.0
2023,Минская область,Average_Employee_Count,538432.0
2019,Могилевская область,Average_Employee_Count,356994.0
2020,Могилевская область,Average_Employee_Count,346367.0
2021,Могилевская область,Average_Employee_Count,339903.0
2022,Могилевская область,Average_Employee_Count,334650.0
2023,Могилевская область,Average_Employee_Count,328750.0
2019,Республика Беларусь,Average_Employee_Count,3511180.0
2020,Республика Беларусь,Average_Employee_Count,3416971.0
2021,Республика Беларусь,Average_Employee_Count,3371002.0
2022,Республика Беларусь,Average_Employee_Count,3315064.0
2023,Республика Беларусь,Average_Employee_Count,3283845.0
2019,г. Минск,Average_Employee_Count,878053.0
2020,г. Минск,Average_Employee_Count,855937.0
2021,г. Минск,Average_Employee_Count,847671.0
2022,г. Минск,Average_Employee_Count,827684.0
2023,г. Минск,Average_Employee_Count,820065.0
2019,Брестская область,Employed_Count,586.4
2020,Брестская область,Employed_Count,585.2
2021,Брестская область,Employed_Count,580.2
2022,Брестская область,Employed_Count,574.9
2023,Брестская область,Employed_Count,566.7
2019,Витебская область,Employed_Count,485.4
2020,Витебская область,Employed_Count,481.1
2021,Витебская область,Employed_Count,474.4
2022,Витебская область,Employed_Count,466.2
2023,Витебская область,Employed_Count,457.6
2019,Гомельская область,Employed_Count,584.9
2020,Гомельская область,Employed_Count,584.3
2021,Гомельская область,Employed_Count,579.7
2022,Гомельская область,Employed_Count,572.3
2023,Гомельская область,Employed_Count,561.9
2019,Гродненская область,Employed_Count,458.3
2020,Гродненская область,Employed_Count,457.8
2021,Гродненская область,Employed_Count,454.3
2022,Гродненская область,Employed_Count,446.7
2023,Гродненская область,Employed_Count,439.5
2019,Минская область,Employed_Count,685.2
2020,Минская область,Employed_Count,684.9
2021,Минская область,Employed_Count,684.2
2022,Минская область,Employed_Count,678.9
2023,Минская область,Employed_Count,671.2
2019,Могилевская область,Employed_Count,446.3
2020,Могилевская область,Employed_Count,443.0
2021,Могилевская область,Employed_Count,437.7
2022,Могилевская область,Employed_Count,430.6
2023,Могилевская область,Employed_Count,423.1
2019,Республика Беларусь,Employed_Count,4334.2
2020,Республика Беларусь,Employed_Count,4319.6
2021,Республика Беларусь,Employed_Count,4284.5
2022,Республика Беларусь,Employed_Count,4214.3
2023,Республика Беларусь,Employed_Count,4154.5
2019,г. Минск,Employed_Count,1087.7
2020,г. Минск,Employed_Count,1083.3
2021,г. Минск,Employed_Count,1074.0
2022,г. Минск,Employed_Count,1044.7
2023,г. Минск,Employed_Count,1034.5
2019,Брестская область,Fired_Count,117751.0
2020,Брестская область,Fired_Count,115904.0
2021,Брестская область,Fired_Count,119097.0
2022,Брестская область,Fired_Count,114693.0
2023,Брестская область,Fired_Count,115975.0
2019,Витебская область,Fired_Count,106246.0
2020,Витебская область,Fired_Count,100088.0
2021,Витебская область,Fired_Count,102081.0
2022,Витебская область,Fired_Count,97428.0
2023,Витебская область,Fired_Count,95548.0
2019,Гомельская область,Fired_Count,120475.0
2020,Гомельская область,Fired_Count,117817.0
2021,Гомельская область,Fired_Count,119974.0
2022,Гомельская область,Fired_Count,116015.0
2023,Гомельская область,Fired_Count,115637.0
2019,Гродненская область,Fired_Count,99284.0
2020,Гродненская область,Fired_Count,97703.0
2021,Гродненская область,Fired_Count,101374.0
2022,Гродненская область,Fired_Count,97951.0
2023,Гродненская область,Fired_Count,96602.0
2019,Минская область,Fired_Count,162451.0
2020,Минская область,Fired_Count,160949.0
2021,Минская область,Fired_Count,160205.0
2022,Минская область,Fired_Count,157458.0
2023,Минская область,Fired_Count,157662.0
2019,Могилевская область,Fired_Count,96143.0
2020,Могилевская область,Fired_Count,94969.0
2021,Могилевская область,Fired_Count,96036.0
2022,Могилевская область,Fired_Count,91801.0
2023,Могилевская область,Fired_Count,91370.0
2019,Республика Беларусь,Fired_Count,967653.0
2020,Республика Беларусь,Fired_Count,956569.0
2021,Республика Беларусь,Fired_Count,980561.0
2022,Республика Беларусь,Fired_Count,971261.0
2023,Республика Беларусь,Fired_Count,944736.0
2019,г. Минск,Fired_Count,265303.0
2020,г. Минск,Fired_Count,269139.0
2021,г. Минск,Fired_Count,281794.0
2022,г. Минск,Fired_Count,295915.0
2023,г. Минск,Fired_Count,271942.0
1990,Республика Беларусь,GDP_Billion_USD,19.5
1991,Республика Беларусь,GDP_Billion_USD,19.9
1992,Республика Беларусь,GDP_Billion_USD,18.4
1993,Республика Беларусь,GDP_Billion_USD,17.4
1994,Республика Беларусь,GDP_Billion_USD,15.7
1995,Республика Беларусь,GDP_Billion_USD,14.3
1996,Республика Беларусь,GDP_Billion_USD,15.0
1997,Республика Беларусь,GDP_Billion_USD,14.6
1998,Республика Беларусь,GDP_Billion_USD,15.7
1999,Республика Беларусь,GDP_Billion_USD,12.5
2000,Республика Беларусь,GDP_Billion_USD,10.8
2001,Республика Беларусь,GDP_Billion_USD,12.8
2002,Республика Беларусь,GDP_Billion_USD,15.1
2003,Республика Беларусь,GDP_Billion_USD,18.4
2004,Республика Беларусь,GDP_Billion_USD,23.9
2005,Республика Беларусь,GDP_Billion_USD,31.2
2006,Республика Беларусь,GDP_Billion_USD,38.2
2007,Республика Беларусь,GDP_Billion_USD,46.8
2008,Республика Беларусь,GDP_Billion_USD,62.8
2009,Республика Беларусь,GDP_Billion_USD,50.9
2010,Республика Беларусь,GDP_Billion_USD,57.2
2011,Республика Беларусь,GDP_Billion_USD,61.8
2012,Республика Беларусь,GDP_Billion_USD,65.7
2013,Республика Беларусь,GDP_Billion_USD,75.5
2014,Республика Беларусь,GDP_Billion_USD,78.8
2015,Республика Беларусь,GDP_Billion_USD,56.5
2016,Республика Беларусь,GDP_Billion_USD,47.7
2017,Республика Беларусь,GDP_Billion_USD,54.7
2018,Республика Беларусь,GDP_Billion_USD,60.0
2019,Республика Беларусь,GDP_Billion_USD,64.4
2020,Республика Беларусь,GDP_Billion_USD,61.4
2021,Республика Беларусь,GDP_Billion_USD,69.7
2022,Республика Беларусь,GDP_Billion_USD,72.9
1990,Республика Беларусь,GDP_Per_Capita,1868.0
1991,Республика Беларусь,GDP_Per_Capita,1899.0
1992,Республика Беларусь,GDP_Per_Capita,1752.0
1993,Республика Беларусь,GDP_Per_Capita,1657.0
1994,Республика Беларусь,GDP_Per_Capita,1496.0
1995,Республика Беларусь,GDP_Per_Capita,1369.0
1996,Республика Беларусь,GDP_Per_Capita,1436.0
1997,Республика Беларусь,GDP_Per_Capita,1401.0
1998,Республика Беларусь,GDP_Per_Capita,1519.0
1999,Республика Беларусь,GDP_Per_Capita,1217.0
2000,Республика Беларусь,GDP_Per_Capita,1050.0
2001,Республика Беларусь,GDP_Per_Capita,1252.0
2002,Республика Беларусь,GDP_Per_Capita,1489.0
2003,Республика Беларусь,GDP_Per_Capita,1831.0
2004,Республика Беларусь,GDP_Per_Capita,2393.0
2005,Республика Беларусь,GDP_Per_Capita,3144.0
2006,Республика Беларусь,GDP_Per_Capita,3870.0
2007,Республика Беларусь,GDP_Per_Capita,4764.0
2008,Республика Беларусь,GDP_Per_Capita,6417.0
2009,Республика Беларусь,GDP_Per_Capita,5214.0
2010,Республика Беларусь,GDP_Per_Capita,5881.0
2011,Республика Беларусь,GDP_Per_Capita,6363.0
2012,Республика Беларусь,GDP_Per_Capita,6776.0
2013,Республика Беларусь,GDP_Per_Capita,7793.0
2014,Республика Беларусь,GDP_Per_Capita,8130.0
2015,Республика Беларусь,GDP_Per_Capita,5820.0
2016,Республика Беларусь,GDP_Per_Capita,4916.0
2017,Республика Беларусь,GDP_Per_Capita,5637.0
2018,Республика Беларусь,GDP_Per_Capita,6192.0
2019,Республика Беларусь,GDP_Per_Capita,6658.0
2020,Республика Беларусь,GDP_Per_Capita,6370.0
2021,Республика Беларусь,GDP_Per_Capita,7274.0
2022,Республика Беларусь,GDP_Per_Capita,7643.0
1990,Республика Беларусь,GDP_World_Share,0.085
1991,Республика Беларусь,GDP_World_Share,0.082
1992,Республика Беларусь,GDP_World_Share,0.071
1993,Республика Беларусь,GDP_World_Share,0.066
1994,Республика Беларусь,GDP_World_Share,0.056
1995,Республика Беларусь,GDP_World_Share,0.046
1996,Республика Беларусь,GDP_World_Share,0.047
1997,Республика Беларусь,GDP_World_Share,0.046
1998,Республика Беларусь,GDP_World_Share,0.05
1999,Республика Беларусь,GDP_World_Share,0.038
2000,Республика Беларусь,GDP_World_Share,0.032
2001,Республика Беларусь,GDP_World_Share,0.038
2002,Республика Беларусь,GDP_World_Share,0.043
2003,Республика Беларусь,GDP_World_Share,0.047
2004,Республика Беларусь,GDP_World_Share,0.054
2005,Республика Беларусь,GDP_World_Share,0.065
2006,Республика Беларусь,GDP_World_Share,0.074
2007,Республика Беларусь,GDP_World_Share,0.08
2008,Республика Беларусь,GDP_World_Share,0.098
2009,Республика Беларусь,GDP_World_Share,0.084
2010,Республика Беларусь,GDP_World_Share,0.086
2011,Республика Беларусь,GDP_World_Share,0.083
2012,Республика Беларусь,GDP_World_Share,0.087
2013,Республика Беларусь,GDP_World_Share,0.097
2014,Республика Беларусь,GDP_World_Share,0.099
2015,Республика Беларусь,GDP_World_Share,0.075
2016,Республика Беларусь,GDP_World_Share,0.062
2017,Республика Беларусь,GDP_World_Share,0.067
2018,Республика Беларусь,GDP_World_Share,0.069
2019,Республика Беларусь,GDP_World_Share,0.073
2020,Республика Беларусь,GDP_World_Share,0.072
2021,Республика Беларусь,GDP_World_Share,0.072
2022,Республика Беларусь,GDP_World_Share,0.072
1993,Республика Беларусь,Inflation_CPI,1190.2
1994,Республика Беларусь,Inflation_CPI,2221.0
1995,Республика Беларусь,Inflation_CPI,709.4
1996,Республика Беларусь,Inflation_CPI,52.7
1997,Республика Беларусь,Inflation_CPI,63.9
1998,Республика Беларусь,Inflation_CPI,72.9
1999,Республика Беларусь,Inflation_CPI,293.7
2000,Республика Беларусь,Inflation_CPI,168.6
2001,Республика Беларусь,Inflation_CPI,61.1
2002,Республика Беларусь,Inflation_CPI,42.5
2003,Республика Беларусь,Inflation_CPI,28.4
2004,Республика Беларусь,Inflation_CPI,18.1
2005,Республика Беларусь,Inflation_CPI,10.3
2006,Республика Беларусь,Inflation_CPI,7.0
2007,Республика Беларусь,Inflation_CPI,8.4
2008,Республика Беларусь,Inflation_CPI,14.8
2009,Республика Беларусь,Inflation_CPI,13.0
2010,Республика Беларусь,Inflation_CPI,7.7
2011,Республика Беларусь,Inflation_CPI,53.2
2012,Республика Беларусь,Inflation_CPI,59.2
2013,Республика Беларусь,Inflation_CPI,18.3
2014,Республика Беларусь,Inflation_CPI,18.1
2015,Республика Беларусь,Inflation_CPI,13.5
2016,Республика Беларусь,Inflation_CPI,11.8
2017,Республика Беларусь,Inflation_CPI,6.0
2018,Республика Беларусь,Inflation_CPI,4.9
2019,Республика Беларусь,Inflation_CPI,5.6
2020,Республика Беларусь,Inflation_CPI,5.6
2021,Республика Беларусь,Inflation_CPI,9.5
2022,Республика Беларусь,Inflation_CPI,15.21
2023,Республика Беларусь,Inflation_CPI,5.0
2024,Республика Беларусь,Inflation_CPI,5.8
2019,Брестская область,Man_Hours,729767.9
2020,Брестская область,Man_Hours,706621.5
2021,Брестская область,Man_Hours,703258.6
2022,Брестская область,Man_Hours,686840.3
2023,Брестская область,Man_Hours,676504.7
2019,Витебская область,Man_Hours,636002.2
2020,Витебская область,Man_Hours,614755.8
2021,Витебская область,Man_Hours,608950.8
2022,Витебская область,Man_Hours,593109.9
2023,Витебская область,Man_Hours,576719.5
2019,Гомельская область,Man_Hours,783115.5
2020,Гомельская область,Man_Hours,765147.3
2021,Гомельская область,Man_Hours,759376.0
2022,Гомельская область,Man_Hours,744051.4
2023,Гомельская область,Man_Hours,725508.8
2019,Гродненская область,Man_Hours,599197.5
2020,Гродненская область,Man_Hours,576903.6
2021,Гродненская область,Man_Hours,571581.1
2022,Гродненская область,Man_Hours,554284.8
2023,Гродненская область,Man_Hours,542258.4
2019,Минская область,Man_Hours,829494.6
2020,Минская область,Man_Hours,807242.6
2021,Минская область,Man_Hours,804663.0
2022,Минская область,Man_Hours,790095.9
2023,Минская область,Man_Hours,784608.9
2019,Могилевская область,Man_Hours,580132.2
2020,Могилевская область,Man_Hours,559991.9
2021,Могилевская область,Man_Hours,553347.2
2022,Могилевская область,Man_Hours,539771.4
2023,Могилевская область,Man_Hours,525142.9
2019,Республика Беларусь,Man_Hours,5290983.0
2020,Республика Беларусь,Man_Hours,5146791.1
2021,Республика Беларусь,Man_Hours,5117977.2
2022,Республика Беларусь,Man_Hours,4992503.0
2023,Республика Беларусь,Man_Hours,4883053.5
2019,г. Минск,Man_Hours,1133273.1
2020,г. Минск,Man_Hours,1116128.4
2021,г. Минск,Man_Hours,1116800.5
2022,г. Минск,Man_Hours,1084349.3
2023,г. Минск,Man_Hours,1052310.3
2019,Брестская область,Nominal_Monthly_Wage,929.2
2020,Брестская область,Nominal_Monthly_Wage,1054.6
2021,Брестская область,Nominal_Monthly_Wage,1205.8
2022,Брестская область,Nominal_Monthly_Wage,1386.8
2023,Брестская область,Nominal_Monthly_Wage,1655.4
2019,Витебская область,Nominal_Monthly_Wage,911.8
2020,Витебская область,Nominal_Monthly_Wage,1038.3
2021,Витебская область,Nominal_Monthly_Wage,1181.0
2022,Витебская область,Nominal_Monthly_Wage,1350.0
2023,Витебская область,Nominal_Monthly_Wage,1593.8
2019,Гомельская область,Nominal_Monthly_Wage,955.8
2020,Гомельская область,Nominal_Monthly_Wage,1079.4
2021,Гомельская область,Nominal_Monthly_Wage,1248.5
2022,Гомельская область,Nominal_Monthly_Wage,1424.7
2023,Гомельская область,Nominal_Monthly_Wage,1696.7
2019,Гродненская область,Nominal_Monthly_Wage,931.3
2020,Гродненская область,Nominal_Monthly_Wage,1062.1
2021,Гродненская область,Nominal_Monthly_Wage,1216.7
2022,Гродненская область,Nominal_Monthly_Wage,1412.2
2023,Гродненская область,Nominal_Monthly_Wage,1682.2
2019,Минская область,Nominal_Monthly_Wage,1079.6
2020,Минская область,Nominal_Monthly_Wage,1223.5
2021,Минская область,Nominal_Monthly_Wage,1414.3
2022,Минская область,Nominal_Monthly_Wage,1596.7
2023,Минская область,Nominal_Monthly_Wage,1898.6
2019,Могилевская область,Nominal_Monthly_Wage,891.6
2020,Могилевская область,Nominal_Monthly_Wage,1010.0
2021,Могилевская область,Nominal_Monthly_Wage,1147.3
2022,Могилевская область,Nominal_Monthly_Wage,1305.9
2023,Могилевская область,Nominal_Monthly_Wage,1564.0
2019,Республика Беларусь,Nominal_Monthly_Wage,1092.9
2020,Республика Беларусь,Nominal_Monthly_Wage,1254.6
2021,Республика Беларусь,Nominal_Monthly_Wage,1443.5
2022,Республика Беларусь,Nominal_Monthly_Wage,1633.2
2023,Республика Беларусь,Nominal_Monthly_Wage,1915.9
2019,г. Минск,Nominal_Monthly_Wage,1495.2
2020,г. Минск,Nominal_Monthly_Wage,1753.4
2021,г. Минск,Nominal_Monthly_Wage,2024.1
2022,г. Минск,Nominal_Monthly_Wage,2255.1
2023,г. Минск,Nominal_Monthly_Wage,2569.1
2019,Брестская область,Real_Wage_Index,106.3
2020,Брестская область,Real_Wage_Index,107.6
2021,Брестская область,Real_Wage_Index,104.4
2022,Брестская область,Real_Wage_Index,99.8
2023,Брестская область,Real_Wage_Index,113.6
2019,Витебская область,Real_Wage_Index,106.1
2020,Витебская область,Real_Wage_Index,108.0
2021,Витебская область,Real_Wage_Index,103.8
2022,Витебская область,Real_Wage_Index,99.2
2023,Витебская область,Real_Wage_Index,112.4
2019,Гомельская область,Real_Wage_Index,106.1
2020,Гомельская область,Real_Wage_Index,107.0
2021,Гомельская область,Real_Wage_Index,105.7
2022,Гомельская область,Real_Wage_Index,99.0
2023,Гомельская область,Real_Wage_Index,113.3
2019,Гродненская область,Real_Wage_Index,106.0
2020,Гродненская область,Real_Wage_Index,108.1
2021,Гродненская область,Real_Wage_Index,104.7
2022,Гродненская область,Real_Wage_Index,100.8
2023,Гродненская область,Real_Wage_Index,113.3
2019,Минская область,Real_Wage_Index,106.8
2020,Минская область,Real_Wage_Index,107.4
2021,Минская область,Real_Wage_Index,105.6
2022,Минская область,Real_Wage_Index,98.0
2023,Минская область,Real_Wage_Index,113.1
2019,Могилевская область,Real_Wage_Index,105.3
2020,Могилевская область,Real_Wage_Index,107.4
2021,Могилевская область,Real_Wage_Index,103.7
2022,Могилевская область,Real_Wage_Index,98.8
2023,Могилевская область,Real_Wage_Index,114.0
2019,Республика Беларусь,Real_Wage_Index,106.5
2020,Республика Беларусь,Real_Wage_Index,108.8
2021,Республика Беларусь,Real_Wage_Index,105.1
2022,Республика Беларусь,Real_Wage_Index,98.2
2023,Республика Беларусь,Real_Wage_Index,111.6
2019,г. Минск,Real_Wage_Index,106.5
2020,г. Минск,Real_Wage_Index,111.2
2021,г. Минск,Real_Wage_Index,105.4
2022,г. Минск,Real_Wage_Index,96.7
2023,г. Минск,Real_Wage_Index,108.4
2019,Брестская область,Specific_Weight,58.3
2020,Брестская область,Specific_Weight,58.3
2021,Брестская область,Specific_Weight,58.4
2022,Брестская область,Specific_Weight,58.8
2023,Брестская область,Specific_Weight,58.7
2019,Витебская область,Specific_Weight,58.5
2020,Витебская область,Specific_Weight,58.6
2021,Витебская область,Specific_Weight,58.8
2022,Витебская область,Specific_Weight,59.2
2023,Витебская область,Specific_Weight,59.2
2019,Гомельская область,Specific_Weight,57.1
2020,Гомельская область,Specific_Weight,57.3
2021,Гомельская область,Specific_Weight,57.6
2022,Гомельская область,Specific_Weight,58.0
2023,Гомельская область,Specific_Weight,57.9
2019,Гродненская область,Specific_Weight,58.1
2020,Гродненская область,Specific_Weight,58.4
2021,Гродненская область,Specific_Weight,58.7
2022,Гродненская область,Specific_Weight,59.0
2023,Гродненская область,Specific_Weight,59.1
2019,Минская область,Specific_Weight,57.6
2020,Минская область,Specific_Weight,57.6
2021,Минская область,Specific_Weight,57.7
2022,Минская область,Specific_Weight,58.0
2023,Минская область,Specific_Weight,57.9
2019,Могилевская область,Specific_Weight,58.3
2020,Могилевская область,Specific_Weight,58.4
2021,Могилевская область,Specific_Weight,58.6
2022,Могилевская область,Specific_Weight,59.1
2023,Могилевская область,Specific_Weight,58.9
2019,Республика Беларусь,Specific_Weight,60.5
2020,Республика Беларусь,Specific_Weight,60.6
2021,Республика Беларусь,Specific_Weight,60.8
2022,Республика Беларусь,Specific_Weight,61.0
2023,Республика Беларусь,Specific_Weight,61.0
2019,г. Минск,Specific_Weight,69.9
2020,г. Минск,Specific_Weight,70.0
2021,г. Минск,Specific_Weight,70.0
2022,г. Минск,Specific_Weight,69.9
2023,г. Минск,Specific_Weight,69.8
2019,Брестская область,Unemployed_Count,1421.0
2020,Брестская область,Unemployed_Count,1188.0
2021,Брестская область,Unemployed_Count,952.0
2022,Брестская область,Unemployed_Count,840.0
2023,Брестская область,Unemployed_Count,758.0
2019,Витебская область,Unemployed_Count,1506.0
2020,Витебская область,Unemployed_Count,1334.0
2021,Витебская область,Unemployed_Count,1067.0
2022,Витебская область,Unemployed_Count,798.0
2023,Витебская область,Unemployed_Count,518.0
2019,Гомельская область,Unemployed_Count,1214.0
2020,Гомельская область,Unemployed_Count,941.0
2021,Гомельская область,Unemployed_Count,581.0
2022,Гомельская область,Unemployed_Count,487.0
2023,Гомельская область,Unemployed_Count,309.0
2019,Гродненская область,Unemployed_Count,1354.0
2020,Гродненская область,Unemployed_Count,1067.0
2021,Гродненская область,Unemployed_Count,887.0
2022,Гродненская область,Unemployed_Count,742.0
2023,Гродненская область,Unemployed_Count,589.0
2019,Минская область,Unemployed_Count,1096.0
2020,Минская область,Unemployed_Count,797.0
2021,Минская область,Unemployed_Count,509.0
2022,Минская область,Unemployed_Count,444.0
2023,Минская область,Unemployed_Count,231.0
2019,Могилевская область,Unemployed_Count,1343.0
2020,Могилевская область,Unemployed_Count,1177.0
2021,Могилевская область,Unemployed_Count,796.0
2022,Могилевская область,Unemployed_Count,825.0
2023,Могилевская область,Unemployed_Count,615.0
2019,Республика Беларусь,Unemployed_Count,8808.0
2020,Республика Беларусь,Unemployed_Count,7226.0
2021,Республика Беларусь,Unemployed_Count,5339.0
2022,Республика Беларусь,Unemployed_Count,4601.0
2023,Республика Беларусь,Unemployed_Count,3282.0
2019,г. Минск,Unemployed_Count,874.0
2020,г. Минск,Unemployed_Count,722.0
2021,г. Минск,Unemployed_Count,547.0
2022,г. Минск,Unemployed_Count,465.0
2023,г. Минск,Unemployed_Count,262.0
